plate,well,mutant name,,volume,type
0,A1,T18Y+D109H+A140Q+Q257S-1,,30,
0,B1,T18Y+D109H+A140Q+Q257S-2,,30,
0,C1,T18Y+D109H+A140Q+Q257S-3,,30,
0,D1,T18Y+N93G+Q257S-1,,30,
0,E1,T18Y+N93G+Q257S-2,,30,
0,F1,T18Y+N93G+Q257S-3,,30,
0,G1,T18Y+T68Q+K72M+N93A+D109N+Q257S-1,,30,
0,H1,T18Y+T68Q+K72M+N93A+D109N+Q257S-2,,30,
0,A2,T18Y+T68Q+K72M+N93A+D109N+Q257S-3,,30,
0,B2,T18Y+K72S+D109W+G136E+Q257S-1,,30,
0,C2,T18Y+K72S+D109W+G136E+Q257S-2,,30,
0,D2,T18Y+K72S+D109W+G136E+Q257S-3,,30,
0,E2,T18Y+D109H+V137N+A140Q+Q257S-1,,30,
0,F2,T18Y+D109H+V137N+A140Q+Q257S-2,,30,
0,G2,T18Y+D109H+V137N+A140Q+Q257S-3,,30,
0,H2,T18Y+T68Q+D109N+Q257S-1,,30,
0,A3,T18Y+T68Q+D109N+Q257S-2,,30,
0,B3,T18Y+T68Q+D109N+Q257S-3,,30,
0,C3,T18Y+T94R+Q257S-1,,30,
0,D3,T18Y+T94R+Q257S-2,,30,
0,E3,T18Y+T94R+Q257S-3,,30,
0,F3,L8Y+T18Y+D109W+Q257S-1,,30,
0,G3,L8Y+T18Y+D109W+Q257S-2,,30,
0,H3,L8Y+T18Y+D109W+Q257S-3,,30,
0,A4,T18Y+T68Q+N93G+D109N+Q257S-1,,30,
0,B4,T18Y+T68Q+N93G+D109N+Q257S-2,,30,
0,C4,T18Y+T68Q+N93G+D109N+Q257S-3,,30,
0,D4,T18Y+D109W+G136D+Q257S-1,,30,
0,E4,T18Y+D109W+G136D+Q257S-2,,30,
0,F4,T18Y+D109W+G136D+Q257S-3,,30,
0,G4,L8F+T18Y+D109W+Q257S-1,,30,
0,H4,L8F+T18Y+D109W+Q257S-2,,30,
0,A5,L8F+T18Y+D109W+Q257S-3,,30,
0,B5,T18Y+T68Q+N93A+D109N+Q257S-1,,30,
0,C5,T18Y+T68Q+N93A+D109N+Q257S-2,,30,
0,D5,T18Y+T68Q+N93A+D109N+Q257S-3,,30,
0,E5,T18Y+N93A+D109H+Q257S-1,,30,
0,F5,T18Y+N93A+D109H+Q257S-2,,30,
0,G5,T18Y+N93A+D109H+Q257S-3,,30,
0,H5,T18Y+Q257S-1,,0,
0,A6,T18Y+Q257S-2,,0,
0,B6,T18Y+Q257S-3,,0,
0,C6,T18Y+D109W+Q257S-1,,30,
0,D6,T18Y+D109W+Q257S-2,,30,
0,E6,T18Y+D109W+Q257S-3,,30,
0,F6,T18Y+N93A+D109N+Q257S-1,,30,
0,G6,T18Y+N93A+D109N+Q257S-2,,0,
0,H6,T18Y+N93A+D109N+Q257S-3,,0,
0,A7,T18Y+D109H+Q257S-1,,0,
0,B7,T18Y+D109H+Q257S-2,,0,
0,C7,T18Y+D109H+Q257S-3,,0,
0,D7,T18Y+T68Q+K72M+D109N+Q257S-1,,0,
0,E7,T18Y+T68Q+K72M+D109N+Q257S-2,,0,
0,F7,T18Y+T68Q+K72M+D109N+Q257S-3,,0,
0,G7,T18Y+N66A+T94R+Q257S-1,,0,
0,H7,T18Y+N66A+T94R+Q257S-2,,0,
0,A8,T18Y+N66A+T94R+Q257S-3,,0,